run_id,group_key,paper,model_id,varied_axis,axis_value,array_h,array_w,dataflow,bandwidth,precision,budget_kb,base_config,solver,objective,timeout_s
cosma__GoogLeNet__capacity=1960.0__a16x16__ws__bw16__fp32,cosma__GoogLeNet__a16x16__ws,cosma,GoogLeNet,capacity,1960.0,16,16,ws,16,fp32,1960.0,GoogLeNet,gurobi,,300
cosma__GoogLeNet__capacity=3920.0__a16x16__ws__bw16__fp32,cosma__GoogLeNet__a16x16__ws,cosma,GoogLeNet,capacity,3920.0,16,16,ws,16,fp32,3920.0,GoogLeNet,gurobi,,300
cosma__GoogLeNet__capacity=7840.0__a16x16__ws__bw16__fp32,cosma__GoogLeNet__a16x16__ws,cosma,GoogLeNet,capacity,7840.0,16,16,ws,16,fp32,7840.0,GoogLeNet,gurobi,,300
cosma__GoogLeNet__capacity=15680.0__a16x16__ws__bw16__fp32,cosma__GoogLeNet__a16x16__ws,cosma,GoogLeNet,capacity,15680.0,16,16,ws,16,fp32,15680.0,GoogLeNet,gurobi,,300
"cosma__GoogLeNet__array=(8, 8)__a8x8__ws__bw16__fp32",cosma__GoogLeNet__a8x8__ws,cosma,GoogLeNet,array,"(8, 8)",8,8,ws,16,fp32,3920.0,GoogLeNet,gurobi,,300
"cosma__GoogLeNet__array=(32, 32)__a32x32__ws__bw16__fp32",cosma__GoogLeNet__a32x32__ws,cosma,GoogLeNet,array,"(32, 32)",32,32,ws,16,fp32,3920.0,GoogLeNet,gurobi,,300
cosma__GoogLeNet__dataflow=os__a16x16__os__bw16__fp32,cosma__GoogLeNet__a16x16__os,cosma,GoogLeNet,dataflow,os,16,16,os,16,fp32,3920.0,GoogLeNet,gurobi,,300
cosma__GoogLeNet__dataflow=is__a16x16__is__bw16__fp32,cosma__GoogLeNet__a16x16__is,cosma,GoogLeNet,dataflow,is,16,16,is,16,fp32,3920.0,GoogLeNet,gurobi,,300
cosma__GoogLeNet__bandwidth=8__a16x16__ws__bw8__fp32,cosma__GoogLeNet__a16x16__ws,cosma,GoogLeNet,bandwidth,8,16,16,ws,8,fp32,3920.0,GoogLeNet,gurobi,,300
cosma__GoogLeNet__bandwidth=32__a16x16__ws__bw32__fp32,cosma__GoogLeNet__a16x16__ws,cosma,GoogLeNet,bandwidth,32,16,16,ws,32,fp32,3920.0,GoogLeNet,gurobi,,300
cosma__GoogLeNet__bandwidth=64__a16x16__ws__bw64__fp32,cosma__GoogLeNet__a16x16__ws,cosma,GoogLeNet,bandwidth,64,16,16,ws,64,fp32,3920.0,GoogLeNet,gurobi,,300
onsram__GoogLeNet__capacity=1960.0__a16x16__ws__bw16__fp16,onsram__GoogLeNet__a16x16__ws,onsram,GoogLeNet,capacity,1960.0,16,16,ws,16,fp16,1960.0,GoogLeNet,,,600
onsram__GoogLeNet__capacity=3920.0__a16x16__ws__bw16__fp16,onsram__GoogLeNet__a16x16__ws,onsram,GoogLeNet,capacity,3920.0,16,16,ws,16,fp16,3920.0,GoogLeNet,,,600
onsram__GoogLeNet__capacity=7840.0__a16x16__ws__bw16__fp16,onsram__GoogLeNet__a16x16__ws,onsram,GoogLeNet,capacity,7840.0,16,16,ws,16,fp16,7840.0,GoogLeNet,,,600
onsram__GoogLeNet__capacity=15680.0__a16x16__ws__bw16__fp16,onsram__GoogLeNet__a16x16__ws,onsram,GoogLeNet,capacity,15680.0,16,16,ws,16,fp16,15680.0,GoogLeNet,,,600
"onsram__GoogLeNet__array=(8, 8)__a8x8__ws__bw16__fp16",onsram__GoogLeNet__a8x8__ws,onsram,GoogLeNet,array,"(8, 8)",8,8,ws,16,fp16,3920.0,GoogLeNet,,,600
"onsram__GoogLeNet__array=(32, 32)__a32x32__ws__bw16__fp16",onsram__GoogLeNet__a32x32__ws,onsram,GoogLeNet,array,"(32, 32)",32,32,ws,16,fp16,3920.0,GoogLeNet,,,600
onsram__GoogLeNet__dataflow=os__a16x16__os__bw16__fp16,onsram__GoogLeNet__a16x16__os,onsram,GoogLeNet,dataflow,os,16,16,os,16,fp16,3920.0,GoogLeNet,,,600
onsram__GoogLeNet__dataflow=is__a16x16__is__bw16__fp16,onsram__GoogLeNet__a16x16__is,onsram,GoogLeNet,dataflow,is,16,16,is,16,fp16,3920.0,GoogLeNet,,,600
onsram__GoogLeNet__bandwidth=8__a16x16__ws__bw8__fp16,onsram__GoogLeNet__a16x16__ws,onsram,GoogLeNet,bandwidth,8,16,16,ws,8,fp16,3920.0,GoogLeNet,,,600
onsram__GoogLeNet__bandwidth=32__a16x16__ws__bw32__fp16,onsram__GoogLeNet__a16x16__ws,onsram,GoogLeNet,bandwidth,32,16,16,ws,32,fp16,3920.0,GoogLeNet,,,600
onsram__GoogLeNet__bandwidth=64__a16x16__ws__bw64__fp16,onsram__GoogLeNet__a16x16__ws,onsram,GoogLeNet,bandwidth,64,16,16,ws,64,fp16,3920.0,GoogLeNet,,,600
onsram__GoogLeNet__precision=int8__a16x16__ws__bw16__int8,onsram__GoogLeNet__a16x16__ws,onsram,GoogLeNet,precision,int8,16,16,ws,16,int8,3920.0,GoogLeNet,,,600
onsram__GoogLeNet__precision=fp32__a16x16__ws__bw16__fp32,onsram__GoogLeNet__a16x16__ws,onsram,GoogLeNet,precision,fp32,16,16,ws,16,fp32,3920.0,GoogLeNet,,,600
smm__GoogLeNet__capacity=1960.0__a16x16__ws__bw16__int8,smm__GoogLeNet__a16x16__ws,smm,GoogLeNet,capacity,1960.0,16,16,ws,16,int8,1960.0,GoogLeNet,,accesses,1800
smm__GoogLeNet__capacity=3920.0__a16x16__ws__bw16__int8,smm__GoogLeNet__a16x16__ws,smm,GoogLeNet,capacity,3920.0,16,16,ws,16,int8,3920.0,GoogLeNet,,accesses,1800
smm__GoogLeNet__capacity=7840.0__a16x16__ws__bw16__int8,smm__GoogLeNet__a16x16__ws,smm,GoogLeNet,capacity,7840.0,16,16,ws,16,int8,7840.0,GoogLeNet,,accesses,1800
smm__GoogLeNet__capacity=15680.0__a16x16__ws__bw16__int8,smm__GoogLeNet__a16x16__ws,smm,GoogLeNet,capacity,15680.0,16,16,ws,16,int8,15680.0,GoogLeNet,,accesses,1800
"smm__GoogLeNet__array=(8, 8)__a8x8__ws__bw16__int8",smm__GoogLeNet__a8x8__ws,smm,GoogLeNet,array,"(8, 8)",8,8,ws,16,int8,3920.0,GoogLeNet,,accesses,1800
"smm__GoogLeNet__array=(32, 32)__a32x32__ws__bw16__int8",smm__GoogLeNet__a32x32__ws,smm,GoogLeNet,array,"(32, 32)",32,32,ws,16,int8,3920.0,GoogLeNet,,accesses,1800
smm__GoogLeNet__dataflow=os__a16x16__os__bw16__int8,smm__GoogLeNet__a16x16__os,smm,GoogLeNet,dataflow,os,16,16,os,16,int8,3920.0,GoogLeNet,,accesses,1800
smm__GoogLeNet__dataflow=is__a16x16__is__bw16__int8,smm__GoogLeNet__a16x16__is,smm,GoogLeNet,dataflow,is,16,16,is,16,int8,3920.0,GoogLeNet,,accesses,1800
smm__GoogLeNet__bandwidth=8__a16x16__ws__bw8__int8,smm__GoogLeNet__a16x16__ws,smm,GoogLeNet,bandwidth,8,16,16,ws,8,int8,3920.0,GoogLeNet,,accesses,1800
smm__GoogLeNet__bandwidth=32__a16x16__ws__bw32__int8,smm__GoogLeNet__a16x16__ws,smm,GoogLeNet,bandwidth,32,16,16,ws,32,int8,3920.0,GoogLeNet,,accesses,1800
smm__GoogLeNet__bandwidth=64__a16x16__ws__bw64__int8,smm__GoogLeNet__a16x16__ws,smm,GoogLeNet,bandwidth,64,16,16,ws,64,int8,3920.0,GoogLeNet,,accesses,1800
smm__GoogLeNet__precision=fp16__a16x16__ws__bw16__fp16,smm__GoogLeNet__a16x16__ws,smm,GoogLeNet,precision,fp16,16,16,ws,16,fp16,3920.0,GoogLeNet,,accesses,1800
smm__GoogLeNet__precision=fp32__a16x16__ws__bw16__fp32,smm__GoogLeNet__a16x16__ws,smm,GoogLeNet,precision,fp32,16,16,ws,16,fp32,3920.0,GoogLeNet,,accesses,1800
cosma__ResNet18__capacity=3192.5__a16x16__ws__bw16__fp32,cosma__ResNet18__a16x16__ws,cosma,ResNet18,capacity,3192.5,16,16,ws,16,fp32,3192.5,ResNet18,gurobi,,300
cosma__ResNet18__capacity=6385.0__a16x16__ws__bw16__fp32,cosma__ResNet18__a16x16__ws,cosma,ResNet18,capacity,6385.0,16,16,ws,16,fp32,6385.0,ResNet18,gurobi,,300
cosma__ResNet18__capacity=12770.0__a16x16__ws__bw16__fp32,cosma__ResNet18__a16x16__ws,cosma,ResNet18,capacity,12770.0,16,16,ws,16,fp32,12770.0,ResNet18,gurobi,,300
cosma__ResNet18__capacity=25540.0__a16x16__ws__bw16__fp32,cosma__ResNet18__a16x16__ws,cosma,ResNet18,capacity,25540.0,16,16,ws,16,fp32,25540.0,ResNet18,gurobi,,300
"cosma__ResNet18__array=(8, 8)__a8x8__ws__bw16__fp32",cosma__ResNet18__a8x8__ws,cosma,ResNet18,array,"(8, 8)",8,8,ws,16,fp32,6385.0,ResNet18,gurobi,,300
"cosma__ResNet18__array=(32, 32)__a32x32__ws__bw16__fp32",cosma__ResNet18__a32x32__ws,cosma,ResNet18,array,"(32, 32)",32,32,ws,16,fp32,6385.0,ResNet18,gurobi,,300
cosma__ResNet18__dataflow=os__a16x16__os__bw16__fp32,cosma__ResNet18__a16x16__os,cosma,ResNet18,dataflow,os,16,16,os,16,fp32,6385.0,ResNet18,gurobi,,300
cosma__ResNet18__dataflow=is__a16x16__is__bw16__fp32,cosma__ResNet18__a16x16__is,cosma,ResNet18,dataflow,is,16,16,is,16,fp32,6385.0,ResNet18,gurobi,,300
cosma__ResNet18__bandwidth=8__a16x16__ws__bw8__fp32,cosma__ResNet18__a16x16__ws,cosma,ResNet18,bandwidth,8,16,16,ws,8,fp32,6385.0,ResNet18,gurobi,,300
cosma__ResNet18__bandwidth=32__a16x16__ws__bw32__fp32,cosma__ResNet18__a16x16__ws,cosma,ResNet18,bandwidth,32,16,16,ws,32,fp32,6385.0,ResNet18,gurobi,,300
cosma__ResNet18__bandwidth=64__a16x16__ws__bw64__fp32,cosma__ResNet18__a16x16__ws,cosma,ResNet18,bandwidth,64,16,16,ws,64,fp32,6385.0,ResNet18,gurobi,,300
onsram__ResNet18__capacity=3192.5__a16x16__ws__bw16__fp16,onsram__ResNet18__a16x16__ws,onsram,ResNet18,capacity,3192.5,16,16,ws,16,fp16,3192.5,ResNet18,,,600
onsram__ResNet18__capacity=6385.0__a16x16__ws__bw16__fp16,onsram__ResNet18__a16x16__ws,onsram,ResNet18,capacity,6385.0,16,16,ws,16,fp16,6385.0,ResNet18,,,600
onsram__ResNet18__capacity=12770.0__a16x16__ws__bw16__fp16,onsram__ResNet18__a16x16__ws,onsram,ResNet18,capacity,12770.0,16,16,ws,16,fp16,12770.0,ResNet18,,,600
onsram__ResNet18__capacity=25540.0__a16x16__ws__bw16__fp16,onsram__ResNet18__a16x16__ws,onsram,ResNet18,capacity,25540.0,16,16,ws,16,fp16,25540.0,ResNet18,,,600
"onsram__ResNet18__array=(8, 8)__a8x8__ws__bw16__fp16",onsram__ResNet18__a8x8__ws,onsram,ResNet18,array,"(8, 8)",8,8,ws,16,fp16,6385.0,ResNet18,,,600
"onsram__ResNet18__array=(32, 32)__a32x32__ws__bw16__fp16",onsram__ResNet18__a32x32__ws,onsram,ResNet18,array,"(32, 32)",32,32,ws,16,fp16,6385.0,ResNet18,,,600
onsram__ResNet18__dataflow=os__a16x16__os__bw16__fp16,onsram__ResNet18__a16x16__os,onsram,ResNet18,dataflow,os,16,16,os,16,fp16,6385.0,ResNet18,,,600
onsram__ResNet18__dataflow=is__a16x16__is__bw16__fp16,onsram__ResNet18__a16x16__is,onsram,ResNet18,dataflow,is,16,16,is,16,fp16,6385.0,ResNet18,,,600
onsram__ResNet18__bandwidth=8__a16x16__ws__bw8__fp16,onsram__ResNet18__a16x16__ws,onsram,ResNet18,bandwidth,8,16,16,ws,8,fp16,6385.0,ResNet18,,,600
onsram__ResNet18__bandwidth=32__a16x16__ws__bw32__fp16,onsram__ResNet18__a16x16__ws,onsram,ResNet18,bandwidth,32,16,16,ws,32,fp16,6385.0,ResNet18,,,600
onsram__ResNet18__bandwidth=64__a16x16__ws__bw64__fp16,onsram__ResNet18__a16x16__ws,onsram,ResNet18,bandwidth,64,16,16,ws,64,fp16,6385.0,ResNet18,,,600
onsram__ResNet18__precision=int8__a16x16__ws__bw16__int8,onsram__ResNet18__a16x16__ws,onsram,ResNet18,precision,int8,16,16,ws,16,int8,6385.0,ResNet18,,,600
onsram__ResNet18__precision=fp32__a16x16__ws__bw16__fp32,onsram__ResNet18__a16x16__ws,onsram,ResNet18,precision,fp32,16,16,ws,16,fp32,6385.0,ResNet18,,,600
smm__ResNet18__capacity=3192.5__a16x16__ws__bw16__int8,smm__ResNet18__a16x16__ws,smm,ResNet18,capacity,3192.5,16,16,ws,16,int8,3192.5,ResNet18,,accesses,1800
smm__ResNet18__capacity=6385.0__a16x16__ws__bw16__int8,smm__ResNet18__a16x16__ws,smm,ResNet18,capacity,6385.0,16,16,ws,16,int8,6385.0,ResNet18,,accesses,1800
smm__ResNet18__capacity=12770.0__a16x16__ws__bw16__int8,smm__ResNet18__a16x16__ws,smm,ResNet18,capacity,12770.0,16,16,ws,16,int8,12770.0,ResNet18,,accesses,1800
smm__ResNet18__capacity=25540.0__a16x16__ws__bw16__int8,smm__ResNet18__a16x16__ws,smm,ResNet18,capacity,25540.0,16,16,ws,16,int8,25540.0,ResNet18,,accesses,1800
"smm__ResNet18__array=(8, 8)__a8x8__ws__bw16__int8",smm__ResNet18__a8x8__ws,smm,ResNet18,array,"(8, 8)",8,8,ws,16,int8,6385.0,ResNet18,,accesses,1800
"smm__ResNet18__array=(32, 32)__a32x32__ws__bw16__int8",smm__ResNet18__a32x32__ws,smm,ResNet18,array,"(32, 32)",32,32,ws,16,int8,6385.0,ResNet18,,accesses,1800
smm__ResNet18__dataflow=os__a16x16__os__bw16__int8,smm__ResNet18__a16x16__os,smm,ResNet18,dataflow,os,16,16,os,16,int8,6385.0,ResNet18,,accesses,1800
smm__ResNet18__dataflow=is__a16x16__is__bw16__int8,smm__ResNet18__a16x16__is,smm,ResNet18,dataflow,is,16,16,is,16,int8,6385.0,ResNet18,,accesses,1800
smm__ResNet18__bandwidth=8__a16x16__ws__bw8__int8,smm__ResNet18__a16x16__ws,smm,ResNet18,bandwidth,8,16,16,ws,8,int8,6385.0,ResNet18,,accesses,1800
smm__ResNet18__bandwidth=32__a16x16__ws__bw32__int8,smm__ResNet18__a16x16__ws,smm,ResNet18,bandwidth,32,16,16,ws,32,int8,6385.0,ResNet18,,accesses,1800
smm__ResNet18__bandwidth=64__a16x16__ws__bw64__int8,smm__ResNet18__a16x16__ws,smm,ResNet18,bandwidth,64,16,16,ws,64,int8,6385.0,ResNet18,,accesses,1800
smm__ResNet18__precision=fp16__a16x16__ws__bw16__fp16,smm__ResNet18__a16x16__ws,smm,ResNet18,precision,fp16,16,16,ws,16,fp16,6385.0,ResNet18,,accesses,1800
smm__ResNet18__precision=fp32__a16x16__ws__bw16__fp32,smm__ResNet18__a16x16__ws,smm,ResNet18,precision,fp32,16,16,ws,16,fp32,6385.0,ResNet18,,accesses,1800
cosma__AlexNet__capacity=682.719__a16x16__ws__bw16__fp32,cosma__AlexNet__a16x16__ws,cosma,AlexNet,capacity,682.719,16,16,ws,16,fp32,682.719,AlexNet,gurobi,,300
cosma__AlexNet__capacity=1365.438__a16x16__ws__bw16__fp32,cosma__AlexNet__a16x16__ws,cosma,AlexNet,capacity,1365.438,16,16,ws,16,fp32,1365.438,AlexNet,gurobi,,300
cosma__AlexNet__capacity=2730.875__a16x16__ws__bw16__fp32,cosma__AlexNet__a16x16__ws,cosma,AlexNet,capacity,2730.875,16,16,ws,16,fp32,2730.875,AlexNet,gurobi,,300
cosma__AlexNet__capacity=5461.75__a16x16__ws__bw16__fp32,cosma__AlexNet__a16x16__ws,cosma,AlexNet,capacity,5461.75,16,16,ws,16,fp32,5461.75,AlexNet,gurobi,,300
"cosma__AlexNet__array=(8, 8)__a8x8__ws__bw16__fp32",cosma__AlexNet__a8x8__ws,cosma,AlexNet,array,"(8, 8)",8,8,ws,16,fp32,1365.438,AlexNet,gurobi,,300
"cosma__AlexNet__array=(32, 32)__a32x32__ws__bw16__fp32",cosma__AlexNet__a32x32__ws,cosma,AlexNet,array,"(32, 32)",32,32,ws,16,fp32,1365.438,AlexNet,gurobi,,300
cosma__AlexNet__dataflow=os__a16x16__os__bw16__fp32,cosma__AlexNet__a16x16__os,cosma,AlexNet,dataflow,os,16,16,os,16,fp32,1365.438,AlexNet,gurobi,,300
cosma__AlexNet__dataflow=is__a16x16__is__bw16__fp32,cosma__AlexNet__a16x16__is,cosma,AlexNet,dataflow,is,16,16,is,16,fp32,1365.438,AlexNet,gurobi,,300
cosma__AlexNet__bandwidth=8__a16x16__ws__bw8__fp32,cosma__AlexNet__a16x16__ws,cosma,AlexNet,bandwidth,8,16,16,ws,8,fp32,1365.438,AlexNet,gurobi,,300
cosma__AlexNet__bandwidth=32__a16x16__ws__bw32__fp32,cosma__AlexNet__a16x16__ws,cosma,AlexNet,bandwidth,32,16,16,ws,32,fp32,1365.438,AlexNet,gurobi,,300
cosma__AlexNet__bandwidth=64__a16x16__ws__bw64__fp32,cosma__AlexNet__a16x16__ws,cosma,AlexNet,bandwidth,64,16,16,ws,64,fp32,1365.438,AlexNet,gurobi,,300
onsram__AlexNet__capacity=682.719__a16x16__ws__bw16__fp16,onsram__AlexNet__a16x16__ws,onsram,AlexNet,capacity,682.719,16,16,ws,16,fp16,682.719,AlexNet,,,600
onsram__AlexNet__capacity=1365.438__a16x16__ws__bw16__fp16,onsram__AlexNet__a16x16__ws,onsram,AlexNet,capacity,1365.438,16,16,ws,16,fp16,1365.438,AlexNet,,,600
onsram__AlexNet__capacity=2730.875__a16x16__ws__bw16__fp16,onsram__AlexNet__a16x16__ws,onsram,AlexNet,capacity,2730.875,16,16,ws,16,fp16,2730.875,AlexNet,,,600
onsram__AlexNet__capacity=5461.75__a16x16__ws__bw16__fp16,onsram__AlexNet__a16x16__ws,onsram,AlexNet,capacity,5461.75,16,16,ws,16,fp16,5461.75,AlexNet,,,600
"onsram__AlexNet__array=(8, 8)__a8x8__ws__bw16__fp16",onsram__AlexNet__a8x8__ws,onsram,AlexNet,array,"(8, 8)",8,8,ws,16,fp16,1365.438,AlexNet,,,600
"onsram__AlexNet__array=(32, 32)__a32x32__ws__bw16__fp16",onsram__AlexNet__a32x32__ws,onsram,AlexNet,array,"(32, 32)",32,32,ws,16,fp16,1365.438,AlexNet,,,600
onsram__AlexNet__dataflow=os__a16x16__os__bw16__fp16,onsram__AlexNet__a16x16__os,onsram,AlexNet,dataflow,os,16,16,os,16,fp16,1365.438,AlexNet,,,600
onsram__AlexNet__dataflow=is__a16x16__is__bw16__fp16,onsram__AlexNet__a16x16__is,onsram,AlexNet,dataflow,is,16,16,is,16,fp16,1365.438,AlexNet,,,600
onsram__AlexNet__bandwidth=8__a16x16__ws__bw8__fp16,onsram__AlexNet__a16x16__ws,onsram,AlexNet,bandwidth,8,16,16,ws,8,fp16,1365.438,AlexNet,,,600
onsram__AlexNet__bandwidth=32__a16x16__ws__bw32__fp16,onsram__AlexNet__a16x16__ws,onsram,AlexNet,bandwidth,32,16,16,ws,32,fp16,1365.438,AlexNet,,,600
onsram__AlexNet__bandwidth=64__a16x16__ws__bw64__fp16,onsram__AlexNet__a16x16__ws,onsram,AlexNet,bandwidth,64,16,16,ws,64,fp16,1365.438,AlexNet,,,600
onsram__AlexNet__precision=int8__a16x16__ws__bw16__int8,onsram__AlexNet__a16x16__ws,onsram,AlexNet,precision,int8,16,16,ws,16,int8,1365.438,AlexNet,,,600
onsram__AlexNet__precision=fp32__a16x16__ws__bw16__fp32,onsram__AlexNet__a16x16__ws,onsram,AlexNet,precision,fp32,16,16,ws,16,fp32,1365.438,AlexNet,,,600
smm__AlexNet__capacity=682.719__a16x16__ws__bw16__int8,smm__AlexNet__a16x16__ws,smm,AlexNet,capacity,682.719,16,16,ws,16,int8,682.719,AlexNet,,accesses,1800
smm__AlexNet__capacity=1365.438__a16x16__ws__bw16__int8,smm__AlexNet__a16x16__ws,smm,AlexNet,capacity,1365.438,16,16,ws,16,int8,1365.438,AlexNet,,accesses,1800
smm__AlexNet__capacity=2730.875__a16x16__ws__bw16__int8,smm__AlexNet__a16x16__ws,smm,AlexNet,capacity,2730.875,16,16,ws,16,int8,2730.875,AlexNet,,accesses,1800
smm__AlexNet__capacity=5461.75__a16x16__ws__bw16__int8,smm__AlexNet__a16x16__ws,smm,AlexNet,capacity,5461.75,16,16,ws,16,int8,5461.75,AlexNet,,accesses,1800
"smm__AlexNet__array=(8, 8)__a8x8__ws__bw16__int8",smm__AlexNet__a8x8__ws,smm,AlexNet,array,"(8, 8)",8,8,ws,16,int8,1365.438,AlexNet,,accesses,1800
"smm__AlexNet__array=(32, 32)__a32x32__ws__bw16__int8",smm__AlexNet__a32x32__ws,smm,AlexNet,array,"(32, 32)",32,32,ws,16,int8,1365.438,AlexNet,,accesses,1800
smm__AlexNet__dataflow=os__a16x16__os__bw16__int8,smm__AlexNet__a16x16__os,smm,AlexNet,dataflow,os,16,16,os,16,int8,1365.438,AlexNet,,accesses,1800
smm__AlexNet__dataflow=is__a16x16__is__bw16__int8,smm__AlexNet__a16x16__is,smm,AlexNet,dataflow,is,16,16,is,16,int8,1365.438,AlexNet,,accesses,1800
smm__AlexNet__bandwidth=8__a16x16__ws__bw8__int8,smm__AlexNet__a16x16__ws,smm,AlexNet,bandwidth,8,16,16,ws,8,int8,1365.438,AlexNet,,accesses,1800
smm__AlexNet__bandwidth=32__a16x16__ws__bw32__int8,smm__AlexNet__a16x16__ws,smm,AlexNet,bandwidth,32,16,16,ws,32,int8,1365.438,AlexNet,,accesses,1800
smm__AlexNet__bandwidth=64__a16x16__ws__bw64__int8,smm__AlexNet__a16x16__ws,smm,AlexNet,bandwidth,64,16,16,ws,64,int8,1365.438,AlexNet,,accesses,1800
smm__AlexNet__precision=fp16__a16x16__ws__bw16__fp16,smm__AlexNet__a16x16__ws,smm,AlexNet,precision,fp16,16,16,ws,16,fp16,1365.438,AlexNet,,accesses,1800
smm__AlexNet__precision=fp32__a16x16__ws__bw16__fp32,smm__AlexNet__a16x16__ws,smm,AlexNet,precision,fp32,16,16,ws,16,fp32,1365.438,AlexNet,,accesses,1800
cosma__MobileNet__capacity=2352.0__a16x16__ws__bw16__fp32,cosma__MobileNet__a16x16__ws,cosma,MobileNet,capacity,2352.0,16,16,ws,16,fp32,2352.0,MobileNet,gurobi,,300
cosma__MobileNet__capacity=4704.0__a16x16__ws__bw16__fp32,cosma__MobileNet__a16x16__ws,cosma,MobileNet,capacity,4704.0,16,16,ws,16,fp32,4704.0,MobileNet,gurobi,,300
cosma__MobileNet__capacity=9408.0__a16x16__ws__bw16__fp32,cosma__MobileNet__a16x16__ws,cosma,MobileNet,capacity,9408.0,16,16,ws,16,fp32,9408.0,MobileNet,gurobi,,300
cosma__MobileNet__capacity=18816.0__a16x16__ws__bw16__fp32,cosma__MobileNet__a16x16__ws,cosma,MobileNet,capacity,18816.0,16,16,ws,16,fp32,18816.0,MobileNet,gurobi,,300
"cosma__MobileNet__array=(8, 8)__a8x8__ws__bw16__fp32",cosma__MobileNet__a8x8__ws,cosma,MobileNet,array,"(8, 8)",8,8,ws,16,fp32,4704.0,MobileNet,gurobi,,300
"cosma__MobileNet__array=(32, 32)__a32x32__ws__bw16__fp32",cosma__MobileNet__a32x32__ws,cosma,MobileNet,array,"(32, 32)",32,32,ws,16,fp32,4704.0,MobileNet,gurobi,,300
cosma__MobileNet__dataflow=os__a16x16__os__bw16__fp32,cosma__MobileNet__a16x16__os,cosma,MobileNet,dataflow,os,16,16,os,16,fp32,4704.0,MobileNet,gurobi,,300
cosma__MobileNet__dataflow=is__a16x16__is__bw16__fp32,cosma__MobileNet__a16x16__is,cosma,MobileNet,dataflow,is,16,16,is,16,fp32,4704.0,MobileNet,gurobi,,300
cosma__MobileNet__bandwidth=8__a16x16__ws__bw8__fp32,cosma__MobileNet__a16x16__ws,cosma,MobileNet,bandwidth,8,16,16,ws,8,fp32,4704.0,MobileNet,gurobi,,300
cosma__MobileNet__bandwidth=32__a16x16__ws__bw32__fp32,cosma__MobileNet__a16x16__ws,cosma,MobileNet,bandwidth,32,16,16,ws,32,fp32,4704.0,MobileNet,gurobi,,300
cosma__MobileNet__bandwidth=64__a16x16__ws__bw64__fp32,cosma__MobileNet__a16x16__ws,cosma,MobileNet,bandwidth,64,16,16,ws,64,fp32,4704.0,MobileNet,gurobi,,300
onsram__MobileNet__capacity=2352.0__a16x16__ws__bw16__fp16,onsram__MobileNet__a16x16__ws,onsram,MobileNet,capacity,2352.0,16,16,ws,16,fp16,2352.0,MobileNet,,,600
onsram__MobileNet__capacity=4704.0__a16x16__ws__bw16__fp16,onsram__MobileNet__a16x16__ws,onsram,MobileNet,capacity,4704.0,16,16,ws,16,fp16,4704.0,MobileNet,,,600
onsram__MobileNet__capacity=9408.0__a16x16__ws__bw16__fp16,onsram__MobileNet__a16x16__ws,onsram,MobileNet,capacity,9408.0,16,16,ws,16,fp16,9408.0,MobileNet,,,600
onsram__MobileNet__capacity=18816.0__a16x16__ws__bw16__fp16,onsram__MobileNet__a16x16__ws,onsram,MobileNet,capacity,18816.0,16,16,ws,16,fp16,18816.0,MobileNet,,,600
"onsram__MobileNet__array=(8, 8)__a8x8__ws__bw16__fp16",onsram__MobileNet__a8x8__ws,onsram,MobileNet,array,"(8, 8)",8,8,ws,16,fp16,4704.0,MobileNet,,,600
"onsram__MobileNet__array=(32, 32)__a32x32__ws__bw16__fp16",onsram__MobileNet__a32x32__ws,onsram,MobileNet,array,"(32, 32)",32,32,ws,16,fp16,4704.0,MobileNet,,,600
onsram__MobileNet__dataflow=os__a16x16__os__bw16__fp16,onsram__MobileNet__a16x16__os,onsram,MobileNet,dataflow,os,16,16,os,16,fp16,4704.0,MobileNet,,,600
onsram__MobileNet__dataflow=is__a16x16__is__bw16__fp16,onsram__MobileNet__a16x16__is,onsram,MobileNet,dataflow,is,16,16,is,16,fp16,4704.0,MobileNet,,,600
onsram__MobileNet__bandwidth=8__a16x16__ws__bw8__fp16,onsram__MobileNet__a16x16__ws,onsram,MobileNet,bandwidth,8,16,16,ws,8,fp16,4704.0,MobileNet,,,600
onsram__MobileNet__bandwidth=32__a16x16__ws__bw32__fp16,onsram__MobileNet__a16x16__ws,onsram,MobileNet,bandwidth,32,16,16,ws,32,fp16,4704.0,MobileNet,,,600
onsram__MobileNet__bandwidth=64__a16x16__ws__bw64__fp16,onsram__MobileNet__a16x16__ws,onsram,MobileNet,bandwidth,64,16,16,ws,64,fp16,4704.0,MobileNet,,,600
onsram__MobileNet__precision=int8__a16x16__ws__bw16__int8,onsram__MobileNet__a16x16__ws,onsram,MobileNet,precision,int8,16,16,ws,16,int8,4704.0,MobileNet,,,600
onsram__MobileNet__precision=fp32__a16x16__ws__bw16__fp32,onsram__MobileNet__a16x16__ws,onsram,MobileNet,precision,fp32,16,16,ws,16,fp32,4704.0,MobileNet,,,600
smm__MobileNet__capacity=2352.0__a16x16__ws__bw16__int8,smm__MobileNet__a16x16__ws,smm,MobileNet,capacity,2352.0,16,16,ws,16,int8,2352.0,MobileNet,,accesses,1800
smm__MobileNet__capacity=4704.0__a16x16__ws__bw16__int8,smm__MobileNet__a16x16__ws,smm,MobileNet,capacity,4704.0,16,16,ws,16,int8,4704.0,MobileNet,,accesses,1800
smm__MobileNet__capacity=9408.0__a16x16__ws__bw16__int8,smm__MobileNet__a16x16__ws,smm,MobileNet,capacity,9408.0,16,16,ws,16,int8,9408.0,MobileNet,,accesses,1800
smm__MobileNet__capacity=18816.0__a16x16__ws__bw16__int8,smm__MobileNet__a16x16__ws,smm,MobileNet,capacity,18816.0,16,16,ws,16,int8,18816.0,MobileNet,,accesses,1800
"smm__MobileNet__array=(8, 8)__a8x8__ws__bw16__int8",smm__MobileNet__a8x8__ws,smm,MobileNet,array,"(8, 8)",8,8,ws,16,int8,4704.0,MobileNet,,accesses,1800
"smm__MobileNet__array=(32, 32)__a32x32__ws__bw16__int8",smm__MobileNet__a32x32__ws,smm,MobileNet,array,"(32, 32)",32,32,ws,16,int8,4704.0,MobileNet,,accesses,1800
smm__MobileNet__dataflow=os__a16x16__os__bw16__int8,smm__MobileNet__a16x16__os,smm,MobileNet,dataflow,os,16,16,os,16,int8,4704.0,MobileNet,,accesses,1800
smm__MobileNet__dataflow=is__a16x16__is__bw16__int8,smm__MobileNet__a16x16__is,smm,MobileNet,dataflow,is,16,16,is,16,int8,4704.0,MobileNet,,accesses,1800
smm__MobileNet__bandwidth=8__a16x16__ws__bw8__int8,smm__MobileNet__a16x16__ws,smm,MobileNet,bandwidth,8,16,16,ws,8,int8,4704.0,MobileNet,,accesses,1800
smm__MobileNet__bandwidth=32__a16x16__ws__bw32__int8,smm__MobileNet__a16x16__ws,smm,MobileNet,bandwidth,32,16,16,ws,32,int8,4704.0,MobileNet,,accesses,1800
smm__MobileNet__bandwidth=64__a16x16__ws__bw64__int8,smm__MobileNet__a16x16__ws,smm,MobileNet,bandwidth,64,16,16,ws,64,int8,4704.0,MobileNet,,accesses,1800
smm__MobileNet__precision=fp16__a16x16__ws__bw16__fp16,smm__MobileNet__a16x16__ws,smm,MobileNet,precision,fp16,16,16,ws,16,fp16,4704.0,MobileNet,,accesses,1800
smm__MobileNet__precision=fp32__a16x16__ws__bw16__fp32,smm__MobileNet__a16x16__ws,smm,MobileNet,precision,fp32,16,16,ws,16,fp32,4704.0,MobileNet,,accesses,1800
cosma__MobileNetV2__capacity=2940.0__a16x16__ws__bw16__fp32,cosma__MobileNetV2__a16x16__ws,cosma,MobileNetV2,capacity,2940.0,16,16,ws,16,fp32,2940.0,MobileNetV2,gurobi,,300
cosma__MobileNetV2__capacity=5880.0__a16x16__ws__bw16__fp32,cosma__MobileNetV2__a16x16__ws,cosma,MobileNetV2,capacity,5880.0,16,16,ws,16,fp32,5880.0,MobileNetV2,gurobi,,300
cosma__MobileNetV2__capacity=11760.0__a16x16__ws__bw16__fp32,cosma__MobileNetV2__a16x16__ws,cosma,MobileNetV2,capacity,11760.0,16,16,ws,16,fp32,11760.0,MobileNetV2,gurobi,,300
cosma__MobileNetV2__capacity=23520.0__a16x16__ws__bw16__fp32,cosma__MobileNetV2__a16x16__ws,cosma,MobileNetV2,capacity,23520.0,16,16,ws,16,fp32,23520.0,MobileNetV2,gurobi,,300
"cosma__MobileNetV2__array=(8, 8)__a8x8__ws__bw16__fp32",cosma__MobileNetV2__a8x8__ws,cosma,MobileNetV2,array,"(8, 8)",8,8,ws,16,fp32,5880.0,MobileNetV2,gurobi,,300
"cosma__MobileNetV2__array=(32, 32)__a32x32__ws__bw16__fp32",cosma__MobileNetV2__a32x32__ws,cosma,MobileNetV2,array,"(32, 32)",32,32,ws,16,fp32,5880.0,MobileNetV2,gurobi,,300
cosma__MobileNetV2__dataflow=os__a16x16__os__bw16__fp32,cosma__MobileNetV2__a16x16__os,cosma,MobileNetV2,dataflow,os,16,16,os,16,fp32,5880.0,MobileNetV2,gurobi,,300
cosma__MobileNetV2__dataflow=is__a16x16__is__bw16__fp32,cosma__MobileNetV2__a16x16__is,cosma,MobileNetV2,dataflow,is,16,16,is,16,fp32,5880.0,MobileNetV2,gurobi,,300
cosma__MobileNetV2__bandwidth=8__a16x16__ws__bw8__fp32,cosma__MobileNetV2__a16x16__ws,cosma,MobileNetV2,bandwidth,8,16,16,ws,8,fp32,5880.0,MobileNetV2,gurobi,,300
cosma__MobileNetV2__bandwidth=32__a16x16__ws__bw32__fp32,cosma__MobileNetV2__a16x16__ws,cosma,MobileNetV2,bandwidth,32,16,16,ws,32,fp32,5880.0,MobileNetV2,gurobi,,300
cosma__MobileNetV2__bandwidth=64__a16x16__ws__bw64__fp32,cosma__MobileNetV2__a16x16__ws,cosma,MobileNetV2,bandwidth,64,16,16,ws,64,fp32,5880.0,MobileNetV2,gurobi,,300
onsram__MobileNetV2__capacity=2940.0__a16x16__ws__bw16__fp16,onsram__MobileNetV2__a16x16__ws,onsram,MobileNetV2,capacity,2940.0,16,16,ws,16,fp16,2940.0,MobileNetV2,,,600
onsram__MobileNetV2__capacity=5880.0__a16x16__ws__bw16__fp16,onsram__MobileNetV2__a16x16__ws,onsram,MobileNetV2,capacity,5880.0,16,16,ws,16,fp16,5880.0,MobileNetV2,,,600
onsram__MobileNetV2__capacity=11760.0__a16x16__ws__bw16__fp16,onsram__MobileNetV2__a16x16__ws,onsram,MobileNetV2,capacity,11760.0,16,16,ws,16,fp16,11760.0,MobileNetV2,,,600
onsram__MobileNetV2__capacity=23520.0__a16x16__ws__bw16__fp16,onsram__MobileNetV2__a16x16__ws,onsram,MobileNetV2,capacity,23520.0,16,16,ws,16,fp16,23520.0,MobileNetV2,,,600
"onsram__MobileNetV2__array=(8, 8)__a8x8__ws__bw16__fp16",onsram__MobileNetV2__a8x8__ws,onsram,MobileNetV2,array,"(8, 8)",8,8,ws,16,fp16,5880.0,MobileNetV2,,,600
"onsram__MobileNetV2__array=(32, 32)__a32x32__ws__bw16__fp16",onsram__MobileNetV2__a32x32__ws,onsram,MobileNetV2,array,"(32, 32)",32,32,ws,16,fp16,5880.0,MobileNetV2,,,600
onsram__MobileNetV2__dataflow=os__a16x16__os__bw16__fp16,onsram__MobileNetV2__a16x16__os,onsram,MobileNetV2,dataflow,os,16,16,os,16,fp16,5880.0,MobileNetV2,,,600
onsram__MobileNetV2__dataflow=is__a16x16__is__bw16__fp16,onsram__MobileNetV2__a16x16__is,onsram,MobileNetV2,dataflow,is,16,16,is,16,fp16,5880.0,MobileNetV2,,,600
onsram__MobileNetV2__bandwidth=8__a16x16__ws__bw8__fp16,onsram__MobileNetV2__a16x16__ws,onsram,MobileNetV2,bandwidth,8,16,16,ws,8,fp16,5880.0,MobileNetV2,,,600
onsram__MobileNetV2__bandwidth=32__a16x16__ws__bw32__fp16,onsram__MobileNetV2__a16x16__ws,onsram,MobileNetV2,bandwidth,32,16,16,ws,32,fp16,5880.0,MobileNetV2,,,600
onsram__MobileNetV2__bandwidth=64__a16x16__ws__bw64__fp16,onsram__MobileNetV2__a16x16__ws,onsram,MobileNetV2,bandwidth,64,16,16,ws,64,fp16,5880.0,MobileNetV2,,,600
onsram__MobileNetV2__precision=int8__a16x16__ws__bw16__int8,onsram__MobileNetV2__a16x16__ws,onsram,MobileNetV2,precision,int8,16,16,ws,16,int8,5880.0,MobileNetV2,,,600
onsram__MobileNetV2__precision=fp32__a16x16__ws__bw16__fp32,onsram__MobileNetV2__a16x16__ws,onsram,MobileNetV2,precision,fp32,16,16,ws,16,fp32,5880.0,MobileNetV2,,,600
smm__MobileNetV2__capacity=2940.0__a16x16__ws__bw16__int8,smm__MobileNetV2__a16x16__ws,smm,MobileNetV2,capacity,2940.0,16,16,ws,16,int8,2940.0,MobileNetV2,,accesses,1800
smm__MobileNetV2__capacity=5880.0__a16x16__ws__bw16__int8,smm__MobileNetV2__a16x16__ws,smm,MobileNetV2,capacity,5880.0,16,16,ws,16,int8,5880.0,MobileNetV2,,accesses,1800
smm__MobileNetV2__capacity=11760.0__a16x16__ws__bw16__int8,smm__MobileNetV2__a16x16__ws,smm,MobileNetV2,capacity,11760.0,16,16,ws,16,int8,11760.0,MobileNetV2,,accesses,1800
smm__MobileNetV2__capacity=23520.0__a16x16__ws__bw16__int8,smm__MobileNetV2__a16x16__ws,smm,MobileNetV2,capacity,23520.0,16,16,ws,16,int8,23520.0,MobileNetV2,,accesses,1800
"smm__MobileNetV2__array=(8, 8)__a8x8__ws__bw16__int8",smm__MobileNetV2__a8x8__ws,smm,MobileNetV2,array,"(8, 8)",8,8,ws,16,int8,5880.0,MobileNetV2,,accesses,1800
"smm__MobileNetV2__array=(32, 32)__a32x32__ws__bw16__int8",smm__MobileNetV2__a32x32__ws,smm,MobileNetV2,array,"(32, 32)",32,32,ws,16,int8,5880.0,MobileNetV2,,accesses,1800
smm__MobileNetV2__dataflow=os__a16x16__os__bw16__int8,smm__MobileNetV2__a16x16__os,smm,MobileNetV2,dataflow,os,16,16,os,16,int8,5880.0,MobileNetV2,,accesses,1800
smm__MobileNetV2__dataflow=is__a16x16__is__bw16__int8,smm__MobileNetV2__a16x16__is,smm,MobileNetV2,dataflow,is,16,16,is,16,int8,5880.0,MobileNetV2,,accesses,1800
smm__MobileNetV2__bandwidth=8__a16x16__ws__bw8__int8,smm__MobileNetV2__a16x16__ws,smm,MobileNetV2,bandwidth,8,16,16,ws,8,int8,5880.0,MobileNetV2,,accesses,1800
smm__MobileNetV2__bandwidth=32__a16x16__ws__bw32__int8,smm__MobileNetV2__a16x16__ws,smm,MobileNetV2,bandwidth,32,16,16,ws,32,int8,5880.0,MobileNetV2,,accesses,1800
smm__MobileNetV2__bandwidth=64__a16x16__ws__bw64__int8,smm__MobileNetV2__a16x16__ws,smm,MobileNetV2,bandwidth,64,16,16,ws,64,int8,5880.0,MobileNetV2,,accesses,1800
smm__MobileNetV2__precision=fp16__a16x16__ws__bw16__fp16,smm__MobileNetV2__a16x16__ws,smm,MobileNetV2,precision,fp16,16,16,ws,16,fp16,5880.0,MobileNetV2,,accesses,1800
smm__MobileNetV2__precision=fp32__a16x16__ws__bw16__fp32,smm__MobileNetV2__a16x16__ws,smm,MobileNetV2,precision,fp32,16,16,ws,16,fp32,5880.0,MobileNetV2,,accesses,1800
